date,ticker,return
2025-01-17,000333,0.003509
2025-01-17,000858,0.006237
2025-01-17,300750,0.006282
2025-01-17,600276,-0.001399
2025-01-17,600519,0.005787
2025-01-17,601012,-0.015584
2025-01-17,601318,0.002640
2025-01-20,000333,0.007263
2025-01-20,000858,0.015117
2025-01-20,300750,0.055746
2025-01-20,600276,0.039216
2025-01-20,600519,0.013782
2025-01-20,601012,-0.001319
2025-01-20,601318,0.008708
2025-01-21,000333,-0.006543
2025-01-21,000858,-0.006776
2025-01-21,300750,-0.005047
2025-01-21,600276,0.013702
2025-01-21,600519,-0.004509
2025-01-21,601012,-0.022457
2025-01-21,601318,0.001807
2025-01-22,000333,-0.018817
2025-01-22,000858,-0.022790
2025-01-22,300750,-0.023393
2025-01-22,600276,-0.015511
2025-01-22,600519,-0.018493
2025-01-22,601012,-0.012838
2025-01-22,601318,-0.019038
2025-01-23,000333,0.005616
2025-01-23,000858,-0.013042
2025-01-23,300750,-0.001938
2025-01-23,600276,-0.010578
2025-01-23,600519,0.001388
2025-01-23,601012,-0.005476
2025-01-23,601318,0.029009
2025-01-24,000333,-0.008037
2025-01-24,000858,-0.007229
2025-01-24,300750,0.012117
2025-01-24,600276,0.015469
2025-01-24,600519,-0.004851
2025-01-24,601012,0.029594
2025-01-24,601318,0.009728
2025-01-27,000333,0.014556
2025-01-27,000858,-0.004071
2025-01-27,300750,-0.013890
2025-01-27,600276,0.000224
2025-01-27,600519,-0.000703
2025-01-27,601012,-0.004011
2025-01-27,601318,-0.000197
2025-02-05,000333,-0.022604
2025-02-05,000858,-0.017217
2025-02-05,300750,-0.018988
2025-02-05,600276,-0.014334
2025-02-05,600519,-0.021735
2025-02-05,601012,0.012081
2025-02-05,601318,-0.022222
2025-02-06,000333,0.000831
2025-02-06,000858,0.007119
2025-02-06,300750,0.003887
2025-02-06,600276,0.007953
2025-02-06,600519,0.006440
2025-02-06,601012,0.023210
2025-02-06,601318,0.010660
2025-02-07,000333,0.016189
2025-02-07,000858,0.013741
2025-02-07,300750,0.032319
2025-02-07,600276,0.020965
2025-02-07,600519,0.016393
2025-02-07,601012,0.051847
2025-02-07,601318,0.012537
2025-02-10,000333,-0.005855
2025-02-10,000858,-0.000784
2025-02-10,300750,-0.010831
2025-02-10,600276,-0.009053
2025-02-10,600519,-0.003127
2025-02-10,601012,-0.012323
2025-02-10,601318,0.000393
2025-02-11,000333,0.009451
2025-02-11,000858,-0.009958
2025-02-11,300750,-0.025730
2025-02-11,600276,-0.015374
2025-02-11,600519,-0.009438
2025-02-11,601012,-0.021834
2025-02-11,601318,-0.007466
2025-02-12,000333,-0.005699
2025-02-12,000858,0.011405
2025-02-12,300750,0.013900
2025-02-12,600276,0.005657
2025-02-12,600519,0.017630
2025-02-12,601012,0.010842
2025-02-12,601318,0.011085
2025-02-13,000333,-0.015557
2025-02-13,000858,0.029836
2025-02-13,300750,0.023854
2025-02-13,600276,0.004500
2025-02-13,600519,0.015288
2025-02-13,601012,-0.008202
2025-02-13,601318,-0.001175
2025-02-14,000333,0.004852
2025-02-14,000858,-0.002129
2025-02-14,300750,0.031830
2025-02-14,600276,0.019265
2025-02-14,600519,0.006785
2025-02-14,601012,0.005725
2025-02-14,601318,0.013328
2025-02-17,000333,-0.006208
2025-02-17,000858,0.002438
2025-02-17,300750,-0.001149
2025-02-17,600276,-0.005275
2025-02-17,600519,-0.002292
2025-02-17,601012,0.014548
2025-02-17,601318,0.002708
2025-02-18,000333,-0.001943
2025-02-18,000858,-0.010262
2025-02-18,300750,0.005085
2025-02-18,600276,-0.009722
2025-02-18,600519,0.002297
2025-02-18,601012,-0.013092
2025-02-18,601318,-0.010224
2025-02-19,000333,-0.006259
2025-02-19,000858,0.006989
2025-02-19,300750,0.010267
2025-02-19,600276,-0.002454
2025-02-19,600519,0.010847
2025-02-19,601012,0.032849
2025-02-19,601318,0.002729
2025-02-20,000333,-0.003079
2025-02-20,000858,-0.004653
2025-02-20,300750,-0.012246
2025-02-20,600276,0.040036
2025-02-20,600519,-0.011402
2025-02-20,601012,-0.018960
2025-02-20,601318,-0.013022
2025-02-21,000333,-0.008985
2025-02-21,000858,0.004751
2025-02-21,300750,0.019800
2025-02-21,600276,0.038280
2025-02-21,600519,0.009640
2025-02-21,601012,0.006858
2025-02-21,601318,0.008271
2025-02-24,000333,0.004250
2025-02-24,000858,0.005949
2025-02-24,300750,-0.014698
2025-02-24,600276,-0.003935
2025-02-24,600519,-0.006142
2025-02-24,601012,0.013003
2025-02-24,601318,0.015625
2025-02-25,000333,-0.026238
2025-02-25,000858,-0.023882
2025-02-25,300750,-0.007440
2025-02-25,600276,-0.014972
2025-02-25,600519,-0.016950
2025-02-25,601012,0.005501
2025-02-25,601318,-0.019615
2025-02-26,000333,0.015790
2025-02-26,000858,0.008155
2025-02-26,300750,-0.003191
2025-02-26,600276,0.003800
2025-02-26,600519,0.004133
2025-02-26,601012,0.059574
2025-02-26,601318,0.012554
2025-02-27,000333,0.033657
2025-02-27,000858,0.022727
2025-02-27,300750,0.005137
2025-02-27,600276,0.007571
2025-02-27,600519,0.017500
2025-02-27,601012,-0.018933
2025-02-27,601318,0.000000
2025-02-28,000333,0.007864
2025-02-28,000858,-0.008814
2025-02-28,300750,-0.021111
2025-02-28,600276,-0.040701
2025-02-28,600519,0.010252
2025-02-28,601012,-0.022807
2025-02-28,601318,-0.024022
2025-03-03,000333,-0.028063
2025-03-03,000858,-0.005624
2025-03-03,300750,0.034922
2025-03-03,600276,-0.000870
2025-03-03,600519,-0.009175
2025-03-03,601012,0.017953
2025-03-03,601318,-0.000992
2025-03-04,000333,0.013662
2025-03-04,000858,-0.008331
2025-03-04,300750,-0.038497
2025-03-04,600276,-0.001307
2025-03-04,600519,-0.011372
2025-03-04,601012,0.024691
2025-03-04,601318,-0.004967
2025-03-05,000333,-0.003057
2025-03-05,000858,-0.008786
2025-03-05,300750,-0.007643
2025-03-05,600276,0.002617
2025-03-05,600519,-0.002544
2025-03-05,601012,-0.021228
2025-03-05,601318,0.005990
2025-03-06,000333,-0.008502
2025-03-06,000858,0.023871
2025-03-06,300750,0.012721
2025-03-06,600276,0.011744
2025-03-06,600519,0.027012
2025-03-06,601012,0.004103
2025-03-06,601318,0.025010
2025-03-07,000333,-0.004920
2025-03-07,000858,0.023694
2025-03-07,300750,-0.013431
2025-03-07,600276,-0.018057
2025-03-07,600519,0.009974
2025-03-07,601012,0.012843
2025-03-07,601318,-0.002711
2025-03-10,000333,0.003955
2025-03-10,000858,-0.015653
2025-03-10,300750,-0.016337
2025-03-10,600276,-0.004159
2025-03-10,600519,0.001249
2025-03-10,601012,-0.007493
2025-03-10,601318,-0.004854
2025-03-11,000333,-0.001970
2025-03-11,000858,0.018916
2025-03-11,300750,-0.005068
2025-03-11,600276,-0.003297
2025-03-11,600519,0.016928
2025-03-11,601012,0.006388
2025-03-11,601318,0.004878
2025-03-12,000333,-0.011702
2025-03-12,000858,-0.016494
2025-03-12,300750,-0.002743
2025-03-12,600276,-0.007499
2025-03-12,600519,-0.003939
2025-03-12,601012,-0.017311
2025-03-12,601318,-0.006796
2025-03-13,000333,-0.001284
2025-03-13,000858,-0.004362
2025-03-13,300750,-0.005029
2025-03-13,600276,0.000667
2025-03-13,600519,-0.003118
2025-03-13,601012,-0.012918
2025-03-13,601318,-0.000196
2025-03-14,000333,0.026568
2025-03-14,000858,0.063524
2025-03-14,300750,0.034673
2025-03-14,600276,0.033533
2025-03-14,600519,0.058682
2025-03-14,601012,0.042237
2025-03-14,601318,0.045561
2025-03-17,000333,0.000139
2025-03-17,000858,-0.006818
2025-03-17,300750,-0.022901
2025-03-17,600276,-0.001289
2025-03-17,600519,0.006050
2025-03-17,601012,0.008562
2025-03-17,601318,-0.001683
2025-03-18,000333,0.043127
2025-03-18,000858,-0.002074
2025-03-18,300750,0.003906
2025-03-18,600276,0.000430
2025-03-18,600519,-0.008462
2025-03-18,601012,0.013016
2025-03-18,601318,0.007119
2025-03-19,000333,0.020405
2025-03-19,000858,-0.004515
2025-03-19,300750,0.032646
2025-03-19,600276,0.016989
2025-03-19,600519,0.007211
2025-03-19,601012,-0.013408
2025-03-19,601318,0.005766
2025-03-20,000333,-0.017514
2025-03-20,000858,-0.021091
2025-03-20,300750,-0.012208
2025-03-20,600276,-0.013956
2025-03-20,600519,-0.019386
2025-03-20,601012,-0.013024
2025-03-20,601318,-0.029221
2025-03-21,000333,0.001463
2025-03-21,000858,-0.010221
2025-03-21,300750,-0.023460
2025-03-21,600276,-0.038173
2025-03-21,600519,-0.018859
2025-03-21,601012,-0.021228
2025-03-21,601318,-0.014098
2025-03-24,000333,0.010361
2025-03-24,000858,-0.002155
2025-03-24,300750,0.008438
2025-03-24,600276,-0.011148
2025-03-24,600519,0.005878
2025-03-24,601012,-0.000586
2025-03-24,601318,0.007343
2025-03-25,000333,0.010518
2025-03-25,000858,-0.005584
2025-03-25,300750,0.005113
2025-03-25,600276,0.011725
2025-03-25,600519,-0.004738
2025-03-25,601012,0.007038
2025-03-25,601318,-0.003261
2025-03-26,000333,-0.000911
2025-03-26,000858,-0.001572
2025-03-26,300750,-0.009866
2025-03-26,600276,0.030310
2025-03-26,600519,0.000317
2025-03-26,601012,0.011066
2025-03-26,601318,-0.004619
2025-03-27,000333,-0.003777
2025-03-27,000858,0.004124
2025-03-27,300750,0.007629
2025-03-27,600276,0.046723
2025-03-27,600519,0.008249
2025-03-27,601012,-0.018433
2025-03-27,601318,0.006574
2025-03-28,000333,0.004837
2025-03-28,000858,-0.005004
2025-03-28,300750,-0.008035
2025-03-28,600276,0.004546
2025-03-28,600519,-0.002385
2025-03-28,601012,-0.009977
2025-03-28,601318,-0.001921
2025-03-31,000333,0.021205
2025-03-31,000858,-0.014111
2025-03-31,300750,-0.015031
2025-03-31,600276,0.012137
2025-03-31,600519,-0.015272
2025-03-31,601012,-0.060462
2025-03-31,601318,-0.006351
2025-04-01,000333,-0.039618
2025-04-01,000858,0.003350
2025-04-01,300750,-0.015340
2025-04-01,600276,0.052846
2025-04-01,600519,-0.003190
2025-04-01,601012,0.011987
2025-04-01,601318,-0.000194
2025-04-02,000333,0.007561
2025-04-02,000858,-0.004856
2025-04-02,300750,0.000321
2025-04-02,600276,-0.018340
2025-04-02,600519,-0.004499
2025-04-02,601012,-0.004988
2025-04-02,601318,0.004649
2025-04-03,000333,-0.034229
2025-04-03,000858,0.006481
2025-04-03,300750,-0.024324
2025-04-03,600276,0.003736
2025-04-03,600519,0.012821
2025-04-03,601012,-0.012531
2025-04-03,601318,-0.007327
2025-04-07,000333,-0.084242
2025-04-07,000858,-0.039545
2025-04-07,300750,-0.114612
2025-04-07,600276,-0.045846
2025-04-07,600519,-0.043904
2025-04-07,601012,-0.100254
2025-04-07,601318,-0.056721
2025-04-08,000333,0.045400
2025-04-08,000858,0.031393
2025-04-08,300750,0.017796
2025-04-08,600276,0.000000
2025-04-08,600519,0.030000
2025-04-08,601012,0.023977
2025-04-08,601318,0.014415
2025-04-09,000333,-0.007974
2025-04-09,000858,0.011395
2025-04-09,300750,-0.034969
2025-04-09,600276,-0.009856
2025-04-09,600519,-0.002563
2025-04-09,601012,0.013085
2025-04-09,601318,-0.006699
2025-04-10,000333,0.020382
2025-04-10,000858,0.006805
2025-04-10,300750,0.031175
2025-04-10,600276,0.005807
2025-04-10,600519,0.005165
2025-04-10,601012,0.021754
2025-04-10,601318,0.011241
2025-04-11,000333,-0.008440
2025-04-11,000858,-0.011641
2025-04-11,300750,0.027617
2025-04-11,600276,-0.002474
2025-04-11,600519,0.012899
2025-04-11,601012,-0.015303
2025-04-11,601318,-0.002627
2025-04-14,000333,-0.008086
2025-04-14,000858,-0.004255
2025-04-14,300750,0.000000
2025-04-14,600276,0.010128
2025-04-14,600519,-0.010829
2025-04-14,601012,0.006757
2025-04-14,601318,0.002634
2025-04-15,000333,0.022311
2025-04-15,000858,0.002366
2025-04-15,300750,0.018527
2025-04-15,600276,-0.012277
2025-04-15,600519,0.003872
2025-04-15,601012,-0.011409
2025-04-15,601318,0.007074
2025-04-16,000333,-0.006715
2025-04-16,000858,0.007233
2025-04-16,300750,-0.014289
2025-04-16,600276,0.013052
2025-04-16,600519,0.000751
2025-04-16,601012,0.016972
2025-04-16,601318,0.001003
2025-04-17,000333,-0.000704
2025-04-17,000858,0.001738
2025-04-17,300750,0.004936
2025-04-17,600276,-0.002454
2025-04-17,600519,0.006946
2025-04-17,601012,-0.000668
2025-04-17,601318,0.005613
2025-04-18,000333,-0.000423
2025-04-18,000858,-0.005885
2025-04-18,300750,-0.002389
2025-04-18,600276,-0.015990
2025-04-18,600519,-0.002586
2025-04-18,601012,-0.008016
2025-04-18,601318,0.005582
2025-04-21,000333,0.006627
2025-04-21,000858,-0.010702
2025-04-21,300750,0.026169
2025-04-21,600276,0.024375
2025-04-21,600519,-0.009541
2025-04-21,601012,0.001347
2025-04-21,601318,-0.003172
2025-04-22,000333,0.004622
2025-04-22,000858,-0.001841
2025-04-22,300750,-0.002896
2025-04-22,600276,0.036608
2025-04-22,600519,-0.001418
2025-04-22,601012,-0.004707
2025-04-22,601318,0.005768
2025-04-23,000333,0.001813
2025-04-23,000858,-0.000999
2025-04-23,300750,0.011531
2025-04-23,600276,0.002354
2025-04-23,600519,0.002066
2025-04-23,601012,0.006757
2025-04-23,601318,0.002571
2025-04-24,000333,0.015310
2025-04-24,000858,-0.007002
2025-04-24,300750,0.015085
2025-04-24,600276,0.000783
2025-04-24,600519,0.000161
2025-04-24,601012,-0.012752
2025-04-24,601318,0.010256
2025-04-25,000333,-0.002742
2025-04-25,000858,-0.000077
2025-04-25,300750,-0.001140
2025-04-25,600276,-0.016820
2025-04-25,600519,-0.001450
2025-04-25,601012,0.012237
2025-04-25,601318,0.002148
2025-04-28,000333,0.006598
2025-04-28,000858,0.013948
2025-04-28,300750,-0.007396
2025-04-28,600276,-0.005968
2025-04-28,600519,0.000000
2025-04-28,601012,0.004030
2025-04-28,601318,-0.002338
2025-04-29,000333,0.013246
2025-04-29,000858,-0.009935
2025-04-29,300750,-0.012008
2025-04-29,600276,-0.007404
2025-04-29,600519,-0.003871
2025-04-29,601012,-0.006020
2025-04-29,601318,-0.004101
2025-04-30,000333,-0.007817
2025-04-30,000858,-0.006561
2025-04-30,300750,-0.002284
2025-04-30,600276,0.030242
2025-04-30,600519,0.001943
2025-04-30,601012,-0.010767
2025-04-30,601318,-0.005686
2025-05-06,000333,0.005841
2025-05-06,000858,0.006138
2025-05-06,300750,0.000562
2025-05-06,600276,-0.001957
2025-05-06,600519,0.002069
2025-05-06,601012,0.022449
2025-05-06,601318,0.001775
2025-05-07,000333,0.004186
2025-05-07,000858,0.003861
2025-05-07,300750,0.030134
2025-05-07,600276,0.010000
2025-05-07,600519,0.003096
2025-05-07,601012,0.004657
2025-05-07,601318,0.007480
2025-05-08,000333,0.008607
2025-05-08,000858,0.013924
2025-05-08,300750,0.024978
2025-05-08,600276,0.000971
2025-05-08,600519,0.014913
2025-05-08,601012,0.011258
2025-05-08,601318,0.015240
2025-05-09,000333,0.010667
2025-05-09,000858,-0.001669
2025-05-09,300750,0.015129
2025-05-09,600276,0.024244
2025-05-09,600519,0.008231
2025-05-09,601012,-0.022921
2025-05-09,601318,-0.004042
2025-05-12,000333,0.010290
2025-05-12,000858,0.010564
2025-05-12,300750,0.035163
2025-05-12,600276,-0.040144
2025-05-12,600519,0.008371
2025-05-12,601012,0.031501
2025-05-12,601318,0.016425
2025-05-13,000333,0.006921
2025-05-13,000858,0.000150
2025-05-13,300750,0.006887
2025-05-13,600276,0.010653
2025-05-13,600519,-0.008850
2025-05-13,601012,0.015595
2025-05-13,601318,-0.002662
2025-05-14,000333,-0.000259
2025-05-14,000858,0.017069
2025-05-14,300750,0.014801
2025-05-14,600276,0.032598
2025-05-14,600519,0.028102
2025-05-14,601012,-0.006398
2025-05-14,601318,0.042509
2025-05-15,000333,-0.007653
2025-05-15,000858,-0.011755
2025-05-15,300750,-0.009216
2025-05-15,600276,0.014934
2025-05-15,600519,-0.001823
2025-05-15,601012,-0.028332
2025-05-15,601318,-0.008045
2025-05-16,000333,0.001307
2025-05-16,000858,-0.019376
2025-05-16,300750,-0.003152
2025-05-16,600276,0.002980
2025-05-16,600519,-0.010956
2025-05-16,601012,0.003976
2025-05-16,601318,-0.015853
2025-05-19,000333,0.012794
2025-05-19,000858,-0.013579
2025-05-19,300750,0.002468
2025-05-19,600276,-0.007428
2025-05-19,600519,-0.021776
2025-05-19,601012,-0.003960
2025-05-19,601318,-0.001686
2025-05-20,000333,0.014050
2025-05-20,000858,-0.001315
2025-05-20,300750,0.011538
2025-05-20,600276,0.018709
2025-05-20,600519,0.004446
2025-05-20,601012,0.001325
2025-05-20,601318,0.007129
2025-05-21,000333,0.001652
2025-05-21,000858,0.001007
2025-05-21,300750,0.042129
2025-05-21,600276,0.027365
2025-05-21,600519,-0.003172
2025-05-21,601012,0.001324
2025-05-21,601318,0.003167
2025-05-22,000333,0.007107
2025-05-22,000858,-0.001315
2025-05-22,300750,-0.013536
2025-05-22,600276,-0.006078
2025-05-22,600519,-0.000614
2025-05-22,601012,-0.007931
2025-05-22,601318,-0.000186
2025-05-23,000333,-0.005922
2025-05-23,000858,-0.007282
2025-05-23,300750,-0.012501
2025-05-23,600276,-0.019784
2025-05-23,600519,-0.004684
2025-05-23,601012,-0.005996
2025-05-23,601318,-0.011330
2025-05-26,000333,-0.007859
2025-05-26,000858,-0.013578
2025-05-26,300750,-0.041537
2025-05-26,600276,-0.021101
2025-05-26,600519,-0.014053
2025-05-26,601012,0.004692
2025-05-26,601318,0.003194
2025-05-27,000333,0.002683
2025-05-27,000858,-0.001978
2025-05-27,300750,-0.007464
2025-05-27,600276,0.001312
2025-05-27,600519,-0.004257
2025-05-27,601012,-0.036691
2025-05-27,601318,0.000000
2025-05-28,000333,0.010703
2025-05-28,000858,0.006024
2025-05-28,300750,-0.001535
2025-05-28,600276,0.015537
2025-05-28,600519,-0.004469
2025-05-28,601012,-0.006233
2025-05-28,601318,-0.002060
2025-05-29,000333,-0.004286
2025-05-29,000858,0.003152
2025-05-29,300750,-0.006901
2025-05-29,600276,-0.002765
2025-05-29,600519,0.001952
2025-05-29,601012,0.012544
2025-05-29,601318,0.004316
2025-05-30,000333,0.001013
2025-05-30,000858,-0.006912
2025-05-30,300750,-0.007346
2025-05-30,600276,0.011830
2025-05-30,600519,-0.011688
2025-05-30,601012,-0.010323
2025-05-30,601318,-0.004484
2025-06-03,000333,-0.039843
2025-06-03,000858,-0.013920
2025-06-03,300750,0.004600
2025-06-03,600276,0.002558
2025-06-03,600519,-0.008541
2025-06-03,601012,-0.002086
2025-06-03,601318,0.010698
2025-06-04,000333,-0.004611
2025-06-04,000858,-0.001043
2025-06-04,300750,-0.000398
2025-06-04,600276,0.007471
2025-06-04,600519,0.000636
2025-06-04,601012,0.009059
2025-06-04,601318,-0.001671
2025-06-05,000333,-0.004103
2025-06-05,000858,0.003854
2025-06-05,300750,0.001792
2025-06-05,600276,-0.025502
2025-06-05,600519,0.002676
2025-06-05,601012,0.001381
2025-06-05,601318,0.004278
2025-06-06,000333,0.005980
2025-06-06,000858,0.000480
2025-06-06,300750,-0.010417
2025-06-06,600276,-0.001485
2025-06-06,600519,-0.005026
2025-06-06,601012,-0.002069
2025-06-06,601318,-0.010743
2025-06-09,000333,-0.003963
2025-06-09,000858,-0.001039
2025-06-09,300750,-0.013259
2025-06-09,600276,0.010409
2025-06-09,600519,-0.013463
2025-06-09,601012,0.000691
2025-06-09,601318,0.005804
2025-06-10,000333,-0.004642
2025-06-10,000858,-0.004561
2025-06-10,300750,-0.009936
2025-06-10,600276,0.014165
2025-06-10,600519,-0.007469
2025-06-10,601012,-0.012431
2025-06-10,601318,-0.005398
2025-06-11,000333,0.005863
2025-06-11,000858,0.002492
2025-06-11,300750,0.030271
2025-06-11,600276,-0.007618
2025-06-11,600519,0.003383
2025-06-11,601012,0.029371
2025-06-11,601318,0.019278
2025-06-12,000333,-0.043582
2025-06-12,000858,-0.017642
2025-06-12,300750,-0.002754
2025-06-12,600276,0.020289
2025-06-12,600519,-0.014189
2025-06-12,601012,0.001359
2025-06-12,601318,0.006427
2025-06-13,000333,-0.009972
2025-06-13,000858,-0.027592
2025-06-13,300750,-0.006445
2025-06-13,600276,-0.034575
2025-06-13,600519,-0.021967
2025-06-13,601012,-0.021710
2025-06-13,601318,-0.006021
2025-06-16,000333,-0.003078
2025-06-16,000858,-0.007136
2025-06-16,300750,-0.006205
2025-06-16,600276,-0.002412
2025-06-16,600519,-0.003266
2025-06-16,601012,0.015257
2025-06-16,601318,-0.002937
2025-06-17,000333,0.011226
2025-06-17,000858,-0.004735
2025-06-17,300750,-0.001622
2025-06-17,600276,-0.035714
2025-06-17,600519,0.003312
2025-06-17,601012,-0.004098
2025-06-17,601318,-0.001657
2025-06-18,000333,0.000555
2025-06-18,000858,0.005267
2025-06-18,300750,-0.002802
2025-06-18,600276,-0.000579
2025-06-18,600519,-0.001402
2025-06-18,601012,0.000686
2025-06-18,601318,-0.007745
2025-06-19,000333,-0.010680
2025-06-19,000858,-0.008873
2025-06-19,300750,-0.014130
2025-06-19,600276,-0.004439
2025-06-19,600519,0.000702
2025-06-19,601012,-0.017820
2025-06-19,601318,-0.011336
2025-06-20,000333,0.014720
2025-06-20,000858,0.019441
2025-06-20,300750,-0.007600
2025-06-20,600276,0.003490
2025-06-20,600519,0.001865
2025-06-20,601012,-0.006281
2025-06-20,601318,0.028947
2025-06-23,000333,-0.009119
2025-06-23,000858,-0.010706
2025-06-23,300750,-0.002705
2025-06-23,600276,0.003864
2025-06-23,600519,-0.006062
2025-06-23,601012,0.003511
2025-06-23,601318,0.006577
2025-06-24,000333,0.015059
2025-06-24,000858,0.012428
2025-06-24,300750,0.026334
2025-06-24,600276,0.003657
2025-06-24,600519,0.012113
2025-06-24,601012,0.015395
2025-06-24,601318,0.030672
2025-06-25,000333,0.005220
2025-06-25,000858,0.003591
2025-06-25,300750,0.036516
2025-06-25,600276,0.015340
2025-06-25,600519,-0.000932
2025-06-25,601012,0.008959
2025-06-25,601318,0.019194
2025-06-26,000333,-0.001093
2025-06-26,000858,-0.003744
2025-06-26,300750,-0.008278
2025-06-26,600276,-0.016431
2025-06-26,600519,-0.011046
2025-06-26,601012,-0.011612
2025-06-26,601318,-0.005183
2025-06-27,000333,-0.011218
2025-06-27,000858,-0.004594
2025-06-27,300750,-0.007121
2025-06-27,600276,-0.002496
2025-06-27,600519,-0.011908
2025-06-27,601012,0.006911
2025-06-27,601318,-0.010768
2025-06-30,000333,-0.001107
2025-06-30,000858,-0.002349
2025-06-30,300750,0.004901
2025-06-30,600276,-0.000962
2025-06-30,600519,0.004583
2025-06-30,601012,0.030885
2025-06-30,601318,-0.025983
2025-07-01,000333,-0.001247
2025-07-01,000858,-0.002271
2025-07-01,300750,-0.002855
2025-07-01,600276,0.010790
2025-07-01,600519,-0.003136
2025-07-01,601012,-0.010652
2025-07-01,601318,0.003965
2025-07-02,000333,0.005408
2025-07-02,000858,0.004636
2025-07-02,300750,-0.004175
2025-07-02,600276,-0.004003
2025-07-02,600519,0.003203
2025-07-02,601012,0.047106
2025-07-02,601318,0.001975
2025-07-03,000333,0.005379
2025-07-03,000858,0.003692
2025-07-03,300750,0.048473
2025-07-03,600276,0.004211
2025-07-03,600519,0.004257
2025-07-03,601012,-0.001285
2025-07-03,601318,-0.000179
2025-07-04,000333,0.008094
2025-07-04,000858,0.006437
2025-07-04,300750,0.012224
2025-07-04,600276,0.015056
2025-07-04,600519,0.004676
2025-07-04,601012,0.001931
2025-07-04,601318,0.013799
2025-07-07,000333,-0.012657
2025-07-07,000858,-0.003987
2025-07-07,300750,-0.018473
2025-07-07,600276,-0.011453
2025-07-07,600519,-0.008100
2025-07-07,601012,-0.006423
2025-07-07,601318,-0.002475
2025-07-08,000333,-0.004549
2025-07-08,000858,0.007255
2025-07-08,300750,0.009276
2025-07-08,600276,0.014245
2025-07-08,600519,0.003835
2025-07-08,601012,0.064641
2025-07-08,601318,0.000354
2025-07-09,000333,-0.005816
2025-07-09,000858,0.006789
2025-07-09,300750,0.028446
2025-07-09,600276,0.070974
2025-07-09,600519,0.001956
2025-07-09,601012,-0.006072
2025-07-09,601318,-0.009743
2025-07-10,000333,-0.001671
2025-07-10,000858,0.008059
2025-07-10,300750,0.004431
2025-07-10,600276,0.007169
2025-07-10,600519,0.005370
2025-07-10,601012,0.005498
2025-07-10,601318,0.022004
2025-07-11,000333,0.011161
2025-07-11,000858,0.014032
2025-07-11,300750,-0.001838
2025-07-11,600276,-0.012153
2025-07-11,600519,0.000351
2025-07-11,601012,-0.012758
2025-07-11,601318,0.010152
2025-07-14,000333,0.008554
2025-07-14,000858,0.008930
2025-07-14,300750,-0.011050
2025-07-14,600276,0.005448
2025-07-14,600519,-0.002383
2025-07-14,601012,-0.005538
2025-07-14,601318,-0.002426
2025-07-15,000333,0.001505
2025-07-15,000858,-0.003269
2025-07-15,300750,-0.002793
2025-07-15,600276,0.000175
2025-07-15,600519,-0.008851
2025-07-15,601012,-0.008663
2025-07-15,601318,-0.008164
2025-07-16,000333,-0.004371
2025-07-16,000858,0.002240
2025-07-16,300750,-0.012512
2025-07-16,600276,0.000000
2025-07-16,600519,0.000021
2025-07-16,601012,-0.006866
2025-07-16,601318,-0.004729
2025-07-17,000333,-0.003567
2025-07-17,000858,0.004310
2025-07-17,300750,0.004160
2025-07-17,600276,0.008913
2025-07-17,600519,0.003770
2025-07-17,601012,0.018856
2025-07-17,601318,-0.000352
2025-07-18,000333,0.002754
2025-07-18,000858,-0.016214
2025-07-18,300750,0.021469
2025-07-18,600276,0.017842
2025-07-18,600519,0.014580
2025-07-18,601012,-0.008637
2025-07-18,601318,0.004577
2025-07-21,000333,-0.003845
2025-07-21,000858,-0.009856
2025-07-21,300750,0.031195
2025-07-21,600276,-0.012934
2025-07-21,600519,0.004175
2025-07-21,601012,0.014935
2025-07-21,601318,0.002103
2025-07-22,000333,0.008822
2025-07-22,000858,0.024233
2025-07-22,300750,0.025030
2025-07-22,600276,-0.010172
2025-07-22,600519,0.015232
2025-07-22,601012,0.015941
2025-07-22,601318,-0.008568
2025-07-23,000333,0.004236
2025-07-23,000858,-0.002629
2025-07-23,300750,0.001256
2025-07-23,600276,-0.004877
2025-07-23,600519,0.007181
2025-07-23,601012,-0.012674
2025-07-23,601318,0.022928
2025-07-24,000333,0.000136
2025-07-24,000858,0.002796
2025-07-24,300750,-0.006341
2025-07-24,600276,0.006476
2025-07-24,600519,0.010844
2025-07-24,601012,0.031785
2025-07-24,601318,0.011034
2025-07-25,000333,-0.010203
2025-07-25,000858,-0.016010
2025-07-25,300750,-0.008415
2025-07-25,600276,-0.019130
2025-07-25,600519,-0.024472
2025-07-25,601012,-0.021327
2025-07-25,601318,-0.009550
2025-07-28,000333,-0.011270
2025-07-28,000858,0.004209
2025-07-28,300750,0.012376
2025-07-28,600276,0.100000
2025-07-28,600519,-0.011230
2025-07-28,601012,-0.006659
2025-07-28,601318,0.034607
2025-07-29,000333,-0.009730
2025-07-29,000858,-0.004353
2025-07-29,300750,0.019280
2025-07-29,600276,0.028369
2025-07-29,600519,0.000236
2025-07-29,601012,0.009141
2025-07-29,601318,-0.009985
2025-07-30,000333,0.012212
2025-07-30,000858,0.008096
2025-07-30,300750,-0.050476
2025-07-30,600276,-0.003292
2025-07-30,600519,0.007255
2025-07-30,601012,-0.010870
2025-07-30,601318,0.020508
2025-07-31,000333,-0.026626
2025-07-31,000858,-0.027064
2025-07-31,300750,-0.045003
2025-07-31,600276,-0.010851
2025-07-31,600519,-0.019159
2025-07-31,601012,-0.037851
2025-07-31,601318,-0.033273
2025-08-01,000333,0.008548
2025-08-01,000858,-0.001238
2025-08-01,300750,-0.005857
2025-08-01,600276,-0.025278
2025-08-01,600519,-0.003285
2025-08-01,601012,0.010152
2025-08-01,601318,-0.008349
2025-08-04,000333,0.002119
2025-08-04,000858,-0.000661
2025-08-04,300750,0.012962
2025-08-04,600276,0.011254
2025-08-04,600519,0.001411
2025-08-04,601012,-0.008794
2025-08-04,601318,0.000172
2025-08-05,000333,0.006202
2025-08-05,000858,0.008518
2025-08-05,300750,-0.002927
2025-08-05,600276,0.004839
2025-08-05,600519,0.006159
2025-08-05,601012,0.008872
2025-08-05,601318,0.015977
2025-08-06,000333,0.004483
2025-08-06,000858,0.001722
2025-08-06,300750,-0.002635
2025-08-06,600276,-0.011557
2025-08-06,600519,-0.002704
2025-08-06,601012,0.001256
2025-08-06,601318,-0.001353
2025-08-07,000333,-0.003068
2025-08-07,000858,0.003193
2025-08-07,300750,-0.007358
2025-08-07,600276,-0.012504
2025-08-07,600519,-0.001075
2025-08-07,601012,-0.006274
2025-08-07,601318,-0.003048
2025-08-08,000333,0.001399
2025-08-08,000858,-0.002693
2025-08-08,300750,0.001635
2025-08-08,600276,0.002960
2025-08-08,600519,-0.000970
2025-08-08,601012,-0.001263
2025-08-08,601318,-0.005774
2025-08-11,000333,0.002515
2025-08-11,000858,0.014073
2025-08-11,300750,0.000683
2025-08-11,600276,0.001312
2025-08-11,600519,0.016911
2025-08-11,601012,0.012010
2025-08-11,601318,-0.001196
2025-08-12,000333,0.002369
2025-08-12,000858,-0.006051
2025-08-12,300750,-0.001555
2025-08-12,600276,-0.003602
2025-08-12,600519,-0.005509
2025-08-12,601012,-0.010618
2025-08-12,601318,0.004789
2025-08-13,000333,-0.001529
2025-08-13,000858,0.000000
2025-08-13,300750,0.039316
2025-08-13,600276,0.028924
2025-08-13,600519,-0.011823
2025-08-13,601012,-0.000631
2025-08-13,601318,-0.002383
2025-08-14,000333,0.007101
2025-08-14,000858,-0.002841
2025-08-14,300750,0.022990
2025-08-14,600276,0.003354
2025-08-14,600519,0.004887
2025-08-14,601012,-0.017056
2025-08-14,601318,0.017233
2025-08-15,000333,-0.000415
2025-08-15,000858,0.002117
2025-08-15,300750,0.002787
2025-08-15,600276,0.009233
2025-08-15,600519,-0.003441
2025-08-15,601012,0.038560
2025-08-15,601318,0.003019
2025-08-18,000333,-0.006362
2025-08-18,000858,0.005280
2025-08-18,300750,0.008302
2025-08-18,600276,-0.005047
2025-08-18,600519,0.004515
2025-08-18,601012,0.009282
2025-08-18,601318,-0.007692
2025-08-19,000333,0.011693
2025-08-19,000858,0.005333
2025-08-19,300750,-0.018375
2025-08-19,600276,-0.022036
2025-08-19,600519,0.006650
2025-08-19,601012,-0.020846
2025-08-19,601318,-0.019211
2025-08-20,000333,-0.006329
2025-08-20,000858,0.011012
2025-08-20,300750,0.005040
2025-08-20,600276,0.018804
2025-08-20,600519,0.008345
2025-08-20,601012,0.014402
2025-08-20,601318,0.017182
2025-08-21,000333,-0.004154
2025-08-21,000858,-0.002624
2025-08-21,300750,-0.000716
2025-08-21,600276,0.018138
2025-08-21,600519,-0.001207
2025-08-21,601012,0.000000
2025-08-21,601318,0.007095
2025-08-22,000333,0.002364
2025-08-22,000858,0.002710
2025-08-22,300750,0.029319
2025-08-22,600276,0.015471
2025-08-22,600519,0.010841
2025-08-22,601012,0.019753
2025-08-22,601318,0.014760
2025-08-25,000333,0.019836
2025-08-25,000858,0.032912
2025-08-25,300750,0.010795
2025-08-25,600276,0.019698
2025-08-25,600519,0.018020
2025-08-25,601012,0.015133
2025-08-25,601318,0.008264
2025-08-26,000333,0.003808
2025-08-26,000858,-0.001462
2025-08-26,300750,-0.002687
2025-08-26,600276,-0.014488
2025-08-26,600519,-0.005851
2025-08-26,601012,0.004770
2025-08-26,601318,-0.007869
2025-08-27,000333,-0.014770
2025-08-27,000858,-0.024048
2025-08-27,300750,-0.038687
2025-08-27,600276,-0.034456
2025-08-27,600519,-0.022685
2025-08-27,601012,-0.017804
2025-08-27,601318,-0.030238
2025-08-28,000333,0.010865
2025-08-28,000858,-0.009082
2025-08-28,300750,-0.003198
2025-08-28,600276,-0.000317
2025-08-28,600519,-0.001312
2025-08-28,601012,0.020544
2025-08-28,601318,0.002556
2025-08-29,000333,0.002857
2025-08-29,000858,0.032358
2025-08-29,300750,0.103709
2025-08-29,600276,0.050769
2025-08-29,600519,0.023442
2025-08-29,601012,0.016578
2025-08-29,601318,0.017675
2025-09-01,000333,0.004341
2025-09-01,000858,-0.005095
2025-09-01,300750,-0.007120
2025-09-01,600276,0.032010
2025-09-01,600519,-0.002635
2025-09-01,601012,-0.005242
2025-09-01,601318,-0.022879
2025-09-02,000333,0.028772
2025-09-02,000858,-0.002406
2025-09-02,300750,-0.003717
2025-09-02,600276,0.007608
2025-09-02,600519,0.010297
2025-09-02,601012,-0.019906
2025-09-02,601318,0.002564
2025-09-03,000333,-0.007090
2025-09-03,000858,-0.015090
2025-09-03,300750,0.020240
2025-09-03,600276,0.045158
2025-09-03,600519,-0.007208
2025-09-03,601012,0.026284
2025-09-03,601318,-0.015002
2025-09-04,000333,-0.000397
2025-09-04,000858,-0.008766
2025-09-04,300750,-0.016084
2025-09-04,600276,-0.046263
2025-09-04,600519,-0.005329
2025-09-04,601012,0.012806
2025-09-04,601318,-0.004846
2025-09-05,000333,0.008334
2025-09-05,000858,0.010358
2025-09-05,300750,0.069335
2025-09-05,600276,0.055645
2025-09-05,600519,0.007021
2025-09-05,601012,0.040230
2025-09-05,601318,0.006957
2025-09-08,000333,0.010627
2025-09-08,000858,0.017980
2025-09-08,300750,0.000800
2025-09-08,600276,-0.002208
2025-09-08,600519,0.012293
2025-09-08,601012,-0.006077
2025-09-08,601318,-0.003454
2025-09-09,000333,0.001947
2025-09-09,000858,-0.002246
2025-09-09,300750,-0.016504
2025-09-09,600276,-0.016872
2025-09-09,600519,0.002511
2025-09-09,601012,-0.021123
2025-09-09,601318,0.005199
2025-09-10,000333,-0.002073
2025-09-10,000858,-0.005745
2025-09-10,300750,-0.012375
2025-09-10,600276,-0.010831
2025-09-10,600519,0.011302
2025-09-10,601012,-0.023282
2025-09-10,601318,-0.002241
2025-09-11,000333,0.000000
2025-09-11,000858,0.003592
2025-09-11,300750,0.020599
2025-09-11,600276,-0.028868
2025-09-11,600519,0.000979
2025-09-11,601012,0.004651
2025-09-11,601318,0.014170
2025-09-12,000333,-0.018826
2025-09-12,000858,-0.010349
2025-09-12,300750,0.007596
2025-09-12,600276,0.010543
2025-09-12,600519,-0.004923
2025-09-12,601012,-0.009259
2025-09-12,601318,-0.017209
2025-09-15,000333,-0.005293
2025-09-15,000858,-0.004246
2025-09-15,300750,0.091385
2025-09-15,600276,0.001304
2025-09-15,600519,-0.000594
2025-09-15,601012,0.002336
2025-09-15,601318,-0.006068
2025-09-16,000333,-0.009445
2025-09-16,000858,-0.006711
2025-09-16,300750,-0.003609
2025-09-16,600276,0.000724
2025-09-16,600519,-0.009980
2025-09-16,601012,-0.006410
2025-09-16,601318,-0.012384
2025-09-17,000333,-0.001477
2025-09-17,000858,0.001272
2025-09-17,300750,0.067002
2025-09-17,600276,0.014172
2025-09-17,600519,-0.004653
2025-09-17,601012,0.014663
2025-09-17,601318,-0.000883
2025-09-18,000333,-0.008204
2025-09-18,000858,-0.016037
2025-09-18,300750,-0.027075
2025-09-18,600276,0.013689
2025-09-18,600519,-0.016772
2025-09-18,601012,-0.027746
2025-09-18,601318,-0.022804
2025-09-19,000333,0.008272
2025-09-19,000858,0.001130
2025-09-19,300750,0.004361
2025-09-19,600276,-0.020256
2025-09-19,600519,0.000007
2025-09-19,601012,0.004756
2025-09-19,601318,-0.003256
2025-09-22,000333,-0.014660
2025-09-22,000858,-0.012734
2025-09-22,300750,0.004233
2025-09-22,600276,0.020101
2025-09-22,600519,-0.009959
2025-09-22,601012,-0.017751
2025-09-22,601318,0.000907
2025-09-23,000333,0.003686
2025-09-23,000858,-0.002531
2025-09-23,300750,-0.005134
2025-09-23,600276,-0.019001
2025-09-23,600519,-0.004080
2025-09-23,601012,-0.018675
2025-09-23,601318,-0.002357
2025-09-24,000333,0.007752
2025-09-24,000858,0.001473
2025-09-24,300750,0.031998
2025-09-24,600276,0.005882
2025-09-24,600519,-0.003745
2025-09-24,601012,0.068140
2025-09-24,601318,0.004907
2025-09-25,000333,-0.017004
2025-09-25,000858,-0.006946
2025-09-25,300750,0.034006
2025-09-25,600276,0.030809
2025-09-25,600519,-0.002080
2025-09-25,601012,0.020690
2025-09-25,601318,-0.003617
2025-09-26,000333,0.018671
2025-09-26,000858,-0.011109
2025-09-26,300750,-0.031691
2025-09-26,600276,-0.030303
2025-09-26,600519,-0.002780
2025-09-26,601012,-0.014640
2025-09-26,601318,0.002360
2025-09-29,000333,-0.006334
2025-09-29,000858,0.014563
2025-09-29,300750,0.044611
2025-09-29,600276,-0.012557
2025-09-29,600519,0.018021
2025-09-29,601012,0.004571
2025-09-29,601318,0.014306
2025-09-30,000333,-0.014512
2025-09-30,000858,-0.003609
2025-09-30,300750,0.011652
2025-09-30,600276,0.033960
2025-09-30,600519,-0.011548
2025-09-30,601012,0.023891
2025-09-30,601318,-0.016069
2025-10-09,000333,-0.000413
2025-10-09,000858,-0.002634
2025-10-09,300750,0.019627
2025-10-09,600276,-0.005590
2025-10-09,600519,-0.004993
2025-10-09,601012,0.048889
2025-10-09,601318,-0.001270
2025-10-10,000333,0.002754
2025-10-10,000858,-0.003549
2025-10-10,300750,-0.068165
2025-10-10,600276,-0.041462
2025-10-10,600519,-0.004719
2025-10-10,601012,-0.025424
2025-10-10,601318,0.009084
2025-10-13,000333,-0.014005
2025-10-13,000858,-0.007289
2025-10-13,300750,-0.019505
2025-10-13,600276,-0.017889
2025-10-13,600519,-0.007552
2025-10-13,601012,-0.014674
2025-10-13,601318,-0.007922
2025-10-14,000333,0.011001
2025-10-14,000858,0.018523
2025-10-14,300750,-0.044059
2025-10-14,600276,-0.040460
2025-10-14,600519,0.022421
2025-10-14,601012,0.063431
2025-10-14,601318,0.025045
2025-10-15,000333,0.004408
2025-10-15,000858,0.000000
2025-10-15,300750,0.031564
2025-10-15,600276,0.033141
2025-10-15,600519,0.007567
2025-10-15,601012,0.022822
2025-10-15,601318,0.023548
2025-10-16,000333,0.003566
2025-10-16,000858,0.005489
2025-10-16,300750,-0.002166
2025-10-16,600276,0.006627
2025-10-16,600519,0.015670
2025-10-16,601012,0.026876
2025-10-16,601318,0.003633
2025-10-17,000333,-0.005193
2025-10-17,000858,-0.013606
2025-10-17,300750,-0.028114
2025-10-17,600276,-0.026032
2025-10-17,600519,-0.020143
2025-10-17,601012,-0.027160
2025-10-17,601318,-0.012754
2025-10-20,000333,0.000962
2025-10-20,000858,-0.005038
2025-10-20,300750,0.023343
2025-10-20,600276,0.000461
2025-10-20,600519,0.002014
2025-10-20,601012,-0.032487
2025-10-20,601318,0.010824
2025-10-21,000333,0.000549
2025-10-21,000858,0.000498
2025-10-21,300750,0.025648
2025-10-21,600276,0.013358
2025-10-21,600519,0.002970
2025-10-21,601012,-0.002623
2025-10-21,601318,0.003109
2025-10-22,000333,0.013304
2025-10-22,000858,-0.003485
2025-10-22,300750,-0.008087
2025-10-22,600276,-0.011212
2025-10-22,600519,-0.002435
2025-10-22,601012,-0.012625
2025-10-22,601318,0.002238
2025-10-23,000333,0.013671
2025-10-23,000858,0.010241
2025-10-23,300750,0.009628
2025-10-23,600276,-0.001839
2025-10-23,600519,0.006362
2025-10-23,601012,0.014385
2025-10-23,601318,0.009277
2025-10-24,000333,-0.003739
2025-10-24,000858,-0.008572
2025-10-24,300750,0.024758
2025-10-24,600276,0.005527
2025-10-24,600519,-0.012248
2025-10-24,601012,-0.010504
2025-10-24,601318,-0.014809
2025-10-27,000333,0.003619
2025-10-27,000858,0.000000
2025-10-27,300750,0.001063
2025-10-27,600276,0.023053
2025-10-27,600519,-0.006614
2025-10-27,601012,0.011677
2025-10-27,601318,-0.002246
2025-10-28,000333,-0.006277
2025-10-28,000858,-0.001580
2025-10-28,300750,0.000777
2025-10-28,600276,-0.050589
2025-10-28,600519,0.003187
2025-10-28,601012,-0.008395
2025-10-28,601318,0.000173
2025-10-29,000333,-0.000134
2025-10-29,000858,-0.010575
2025-10-29,300750,0.034982
2025-10-29,600276,0.006287
2025-10-29,600519,-0.009066
2025-10-29,601012,0.100000
2025-10-29,601318,0.020602
2025-10-30,000333,0.012097
2025-10-30,000858,-0.003030
2025-10-30,300750,-0.004275
2025-10-30,600276,-0.017807
2025-10-30,600519,-0.003604
2025-10-30,601012,0.034632
2025-10-30,601318,-0.005089
2025-10-31,000333,0.014608
2025-10-31,000858,0.004389
2025-10-31,300750,-0.023902
2025-10-31,600276,0.020197
2025-10-31,600519,0.002292
2025-10-31,601012,-0.018596
2025-10-31,601318,-0.013981
2025-11-03,000333,-0.013220
2025-11-03,000858,-0.000084
2025-11-03,300750,-0.004913
2025-11-03,600276,-0.011691
2025-11-03,600519,0.003489
2025-11-03,601012,0.030791
2025-11-03,601318,0.008300
2025-11-04,000333,-0.003051
2025-11-04,000858,-0.015297
2025-11-04,300750,-0.020447
2025-11-04,600276,-0.023344
2025-11-04,600519,-0.004181
2025-11-04,601012,-0.018842
2025-11-04,601318,0.010804
2025-11-05,000333,0.010378
2025-11-05,000858,-0.008365
2025-11-05,300750,0.025729
2025-11-05,600276,0.000646
2025-11-05,600519,-0.006242
2025-11-05,601012,0.023419
2025-11-05,601318,-0.010519
2025-11-06,000333,0.014353
2025-11-06,000858,-0.000086
2025-11-06,300750,0.015385
2025-11-06,600276,0.007424
2025-11-06,600519,0.010598
2025-11-06,601012,-0.003661
2025-11-06,601318,0.009945
2025-11-07,000333,-0.010775
2025-11-07,000858,0.004993
2025-11-07,300750,0.001748
2025-11-07,600276,-0.013457
2025-11-07,600519,-0.001254
2025-11-07,601012,0.030317
2025-11-07,601318,-0.000170
2025-11-10,000333,0.014829
2025-11-10,000858,0.034690
2025-11-10,300750,-0.027468
2025-11-10,600276,0.004060
2025-11-10,600519,0.020212
2025-11-10,601012,0.016496
2025-11-10,601318,0.006962
2025-11-11,000333,-0.001293
2025-11-11,000858,-0.000166
2025-11-11,300750,0.002835
2025-11-11,600276,-0.012454
2025-11-11,600519,-0.002264
2025-11-11,601012,-0.015789
2025-11-11,601318,-0.001686
2025-11-12,000333,0.029263
2025-11-12,000858,-0.003312
2025-11-12,300750,0.002023
2025-11-12,600276,0.017032
2025-11-12,600519,0.004222
2025-11-12,601012,-0.073529
2025-11-12,601318,0.014020
2025-11-13,000333,0.001384
2025-11-13,000858,0.006812
2025-11-13,300750,0.075625
2025-11-13,600276,0.023510
2025-11-13,600519,0.003570
2025-11-13,601012,0.024531
2025-11-13,601318,0.014160
2025-11-14,000333,-0.004648
2025-11-14,000858,-0.008168
2025-11-14,300750,-0.027623
2025-11-14,600276,-0.010384
2025-11-14,600519,-0.009372
2025-11-14,601012,0.027230
2025-11-14,601318,-0.003778
2025-11-17,000333,-0.010223
2025-11-17,000858,-0.000499
2025-11-17,300750,-0.033010
2025-11-17,600276,-0.017488
2025-11-17,600519,0.009886
2025-11-17,601012,-0.008684
2025-11-17,601318,-0.013520
2025-11-18,000333,-0.013007
2025-11-18,000858,0.001748
2025-11-18,300750,-0.014791
2025-11-18,600276,-0.000324
2025-11-18,600519,0.003399
2025-11-18,601012,-0.024896
2025-11-18,601318,-0.003510
2025-11-19,000333,0.000000
2025-11-19,000858,-0.003905
2025-11-19,300750,0.015844
2025-11-19,600276,-0.010845
2025-11-19,600519,-0.003381
2025-11-19,601012,0.002364
2025-11-19,601318,0.012580
2025-11-20,000333,0.006977
2025-11-20,000858,0.003003
2025-11-20,300750,-0.029941
2025-11-20,600276,-0.007855
2025-11-20,600519,-0.002651
2025-11-20,601012,-0.051887
2025-11-20,601318,-0.002816
2025-11-21,000333,0.010393
2025-11-21,000858,-0.004740
2025-11-21,300750,-0.024750
2025-11-21,600276,-0.018638
2025-11-21,600519,-0.000348
2025-11-21,601012,-0.062687
2025-11-21,601318,-0.021429
2025-11-24,000333,-0.002413
2025-11-24,000858,-0.009693
2025-11-24,300750,0.001486
2025-11-24,600276,0.019496
2025-11-24,600519,-0.009955
2025-11-24,601012,-0.004246
2025-11-24,601318,-0.008657
2025-11-25,000333,0.001782
2025-11-25,000858,-0.000084
2025-11-25,300750,0.004885
2025-11-25,600276,0.003627
2025-11-25,600519,-0.005062
2025-11-25,601012,0.011727
2025-11-25,601318,0.018322
2025-11-26,000333,0.013977
2025-11-26,000858,-0.002110
2025-11-26,300750,0.001235
2025-11-26,600276,0.024310
2025-11-26,600519,0.003115
2025-11-26,601012,-0.008957
2025-11-26,601318,0.005213
2025-11-27,000333,0.000000
2025-11-27,000858,-0.002706
2025-11-27,300750,-0.004345
2025-11-27,600276,-0.004330
2025-11-27,600519,-0.001277
2025-11-27,601012,-0.012228
2025-11-27,601318,-0.007360
2025-11-28,000333,0.000752
2025-11-28,000858,-0.000763
2025-11-28,300750,0.005388
2025-11-28,600276,-0.000161
2025-11-28,600519,0.002211
2025-11-28,601012,-0.000538
2025-11-28,601318,-0.005898
2025-12-01,000333,0.001753
2025-12-01,000858,-0.001697
2025-12-01,300750,0.026179
2025-12-01,600276,-0.002255
2025-12-01,600519,-0.001724
2025-12-01,601012,0.009693
2025-12-01,601318,-0.006103
2025-12-02,000333,0.019500
2025-12-02,000858,-0.009180
2025-12-02,300750,-0.007546
2025-12-02,600276,-0.013239
2025-12-02,600519,-0.008267
2025-12-02,601012,-0.023467
2025-12-02,601318,0.002900
2025-12-03,000333,0.007479
2025-12-03,000858,-0.008321
2025-12-03,300750,-0.010524
2025-12-03,600276,-0.002454
2025-12-03,600519,-0.004826
2025-12-03,601012,-0.015838
2025-12-03,601318,-0.007653
2025-12-04,000333,-0.003408
2025-12-04,000858,-0.009948
2025-12-04,300750,0.019331
2025-12-04,600276,0.004592
2025-12-04,600519,-0.003583
2025-12-04,601012,-0.006104
2025-12-04,601318,0.003428
2025-12-05,000333,0.004152
2025-12-05,000858,0.004456
2025-12-05,300750,0.014973
2025-12-05,600276,0.006041
2025-12-05,600519,0.004235
2025-12-05,601012,0.006142
2025-12-05,601318,0.058753
2025-12-08,000333,-0.005108
2025-12-08,000858,-0.014701
2025-12-08,300750,0.008764
2025-12-08,600276,0.013632
2025-12-08,600519,-0.008245
2025-12-08,601012,0.003330
2025-12-08,601318,0.022746
2025-12-09,000333,-0.019680
2025-12-09,000858,-0.021100
2025-12-09,300750,-0.012510
2025-12-09,600276,0.009926
2025-12-09,600519,-0.012135
2025-12-09,601012,0.006637
2025-12-09,601318,-0.014984
2025-12-10,000333,-0.001621
2025-12-10,000858,0.006674
2025-12-10,300750,-0.013442
2025-12-10,600276,0.004756
2025-12-10,600519,0.001278
2025-12-10,601012,0.000000
2025-12-10,601318,0.001601
2025-12-11,000333,-0.009617
2025-12-11,000858,0.002509
2025-12-11,300750,0.017286
2025-12-11,600276,0.000316
2025-12-11,600519,0.006551
2025-12-11,601012,-0.017582
2025-12-11,601318,-0.000320
2025-12-12,000333,0.000252
2025-12-12,000858,-0.002681
2025-12-12,300750,0.007224
2025-12-12,600276,-0.001893
2025-12-12,600519,0.006133
2025-12-12,601012,0.017338
2025-12-12,601318,0.022069
2025-12-15,000333,0.013742
2025-12-15,000858,0.007616
2025-12-15,300750,-0.016080
2025-12-15,600276,-0.030025
2025-12-15,600519,0.003766
2025-12-15,601012,-0.010445
2025-12-15,601318,0.049601
2025-12-16,000333,-0.005596
2025-12-16,000858,0.004891
2025-12-16,300750,-0.018392
2025-12-16,600276,-0.036331
2025-12-16,600519,-0.002805
2025-12-16,601012,-0.030000
2025-12-16,601318,-0.001193
2025-12-17,000333,0.006378
2025-12-17,000858,0.003540
2025-12-17,300750,0.013240
2025-12-17,600276,0.019442
2025-12-17,600519,0.007806
2025-12-17,601012,0.018328
2025-12-17,601318,0.015672
2025-12-18,000333,-0.007953
2025-12-18,000858,-0.026190
2025-12-18,300750,-0.029785
2025-12-18,600276,-0.004975
2025-12-18,600519,-0.001465
2025-12-18,601012,-0.004499
2025-12-18,601318,0.006613
2025-12-19,000333,-0.004760
2025-12-19,000858,0.000906
2025-12-19,300750,0.005376
2025-12-19,600276,0.014167
2025-12-19,600519,-0.014675
2025-12-19,601012,0.021469
2025-12-19,601318,0.003650
2025-12-22,000333,-0.003650
2025-12-22,000858,-0.001809
2025-12-22,300750,-0.005775
2025-12-22,600276,0.001315
2025-12-22,600519,-0.001234
2025-12-22,601012,0.001659
2025-12-22,601318,-0.003055
2025-12-23,000333,0.006190
2025-12-23,000858,-0.005529
2025-12-23,300750,0.016835
2025-12-23,600276,0.014279
2025-12-23,600519,-0.000284
2025-12-23,601012,-0.004970
2025-12-23,601318,0.013861
2025-12-24,000333,-0.010672
2025-12-24,000858,-0.004010
2025-12-24,300750,-0.006612
2025-12-24,600276,-0.009223
2025-12-24,600519,-0.004944
2025-12-24,601012,0.006104
2025-12-24,601318,-0.006620
2025-12-25,000333,-0.002665
2025-12-25,000858,0.012079
2025-12-25,300750,-0.006896
2025-12-25,600276,0.002776
2025-12-25,600519,0.009472
2025-12-25,601012,0.007722
2025-12-25,601318,0.025641
2025-12-26,000333,0.003563
2025-12-26,000858,-0.007414
2025-12-26,300750,0.003807
2025-12-26,600276,-0.005537
2025-12-26,600519,-0.000028
2025-12-26,601012,0.041051
2025-12-26,601318,0.005085
2025-12-29,000333,-0.005832
2025-12-29,000858,-0.015668
2025-12-29,300750,-0.013674
2025-12-29,600276,-0.009008
2025-12-29,600519,-0.008578
2025-12-29,601012,-0.016824
2025-12-29,601318,-0.017988
2025-12-30,000333,0.005612
2025-12-30,000858,-0.006478
2025-12-30,300750,-0.000298
2025-12-30,600276,-0.005454
2025-12-30,600519,-0.008759
2025-12-30,601012,-0.013904
2025-12-30,601318,-0.015455
2025-12-31,000333,-0.008878
2025-12-31,000858,-0.013227
2025-12-31,300750,-0.005255
2025-12-31,600276,-0.010136
2025-12-31,600519,-0.009023
2025-12-31,601012,-0.013015
2025-12-31,601318,-0.005814
2026-01-05,000333,0.006782
2026-01-05,000858,0.018501
2026-01-05,300750,0.027882
2026-01-05,600276,0.058922
2026-01-05,600519,0.035449
2026-01-05,601012,0.015934
2026-01-05,601318,0.057895
2026-01-06,000333,0.002034
2026-01-06,000858,0.002502
2026-01-06,300750,-0.009298
2026-01-06,600276,-0.000317
2026-01-06,600519,0.001410
2026-01-06,601012,0.018388
2026-01-06,601318,0.027087
2026-01-07,000333,0.006722
2026-01-07,000858,-0.006009
2026-01-07,300750,-0.007968
2026-01-07,600276,0.012528
2026-01-07,600519,-0.003256
2026-01-07,601012,-0.009559
2026-01-07,601318,-0.011706
2026-01-08,000333,-0.004284
2026-01-08,000858,-0.005766
2026-01-08,300750,-0.004852
2026-01-08,600276,-0.003915
2026-01-08,600519,-0.007770
2026-01-08,601012,0.006434
2026-01-08,601318,-0.041797
2026-01-09,000333,0.009364
2026-01-09,000858,0.002245
2026-01-09,300750,0.000054
2026-01-09,600276,0.002830
2026-01-09,600519,0.004815
2026-01-09,601012,-0.020245
2026-01-09,601318,-0.019608
2026-01-12,000333,-0.014416
2026-01-12,000858,0.013160
2026-01-12,300750,-0.020448
2026-01-12,600276,0.001098
2026-01-12,600519,0.002910
2026-01-12,601012,0.045677
2026-01-12,601318,-0.021014
2026-01-13,000333,-0.030781
2026-01-13,000858,-0.005067
2026-01-13,300750,-0.007410
2026-01-13,600276,0.010493
2026-01-13,600519,-0.008593
2026-01-13,601012,-0.037962
2026-01-13,601318,0.009623
2026-01-14,000333,0.012467
2026-01-14,000858,-0.008889
2026-01-14,300750,-0.013983
2026-01-14,600276,-0.014104
2026-01-14,600519,-0.009206
2026-01-14,601012,0.004865
2026-01-14,601318,-0.017595
2026-01-15,000333,0.000907
2026-01-15,000858,-0.008875
2026-01-15,300750,-0.000650
2026-01-15,600276,-0.006917
2026-01-15,600519,-0.006524
2026-01-15,601012,-0.004841
2026-01-15,601318,0.006119
2026-01-16,000333,0.001166
2026-01-16,000858,-0.008766
2026-01-16,300750,-0.004042
2026-01-16,600276,-0.019471
2026-01-16,600519,-0.004961
2026-01-16,601012,0.012432
2026-01-16,601318,-0.016021
2026-01-19,000333,0.004010
2026-01-19,000858,-0.005801
2026-01-19,300750,-0.009707
2026-01-19,600276,-0.013239
2026-01-19,600519,-0.004342
2026-01-19,601012,-0.021890
2026-01-19,601318,-0.000452
2026-01-20,000333,0.017779
2026-01-20,000858,0.003443
2026-01-20,300750,0.002006
2026-01-20,600276,-0.010144
2026-01-20,600519,-0.001781
2026-01-20,601012,-0.051310
2026-01-20,601318,0.004525
2026-01-21,000333,-0.015443
2026-01-21,000858,-0.017729
2026-01-21,300750,0.000601
2026-01-21,600276,-0.006612
2026-01-21,600519,-0.016374
2026-01-21,601012,-0.009206
2026-01-21,601318,-0.011261
2026-01-22,000333,-0.003728
2026-01-22,000858,-0.002814
2026-01-22,300750,-0.011463
2026-01-22,600276,-0.010982
2026-01-22,600519,-0.008142
2026-01-22,601012,0.021487
2026-01-22,601318,-0.015945
2026-01-23,000333,-0.009162
2026-01-23,000858,0.002238
2026-01-23,300750,0.003470
2026-01-23,600276,-0.007571
2026-01-23,600519,-0.002283
2026-01-23,601012,0.100057
2026-01-23,601318,-0.013889
2026-01-26,000333,-0.005600
2026-01-26,000858,-0.006311
2026-01-26,300750,-0.014265
2026-01-26,600276,-0.014070
2026-01-26,600519,0.003740
2026-01-26,601012,-0.013437
2026-01-26,601318,0.003756
2026-01-27,000333,-0.003274
2026-01-27,000858,-0.012898
2026-01-27,300750,-0.007747
2026-01-27,600276,-0.016506
2026-01-27,600519,0.000753
2026-01-27,601012,0.005762
2026-01-27,601318,0.018241
2026-01-28,000333,-0.009987
2026-01-28,000858,-0.003168
2026-01-28,300750,0.001738
2026-01-28,600276,-0.011364
2026-01-28,600519,-0.014386
2026-01-28,601012,-0.019792
2026-01-28,601318,-0.008574
2026-01-29,000333,0.033714
2026-01-29,000858,0.100000
2026-01-29,300750,0.005588
2026-01-29,600276,0.027586
2026-01-29,600519,0.086146
2026-01-29,601012,-0.002657
2026-01-29,601318,0.050193
